issue,ccn,provider_name,state,detail
No PECOS enrollment matched to the CCN,025025,CENTENNIAL POST ACUTE,AK,
No PECOS enrollment matched to the CCN,025028,CORDOVA COMMUNITY MED LTC,AK,
No PECOS enrollment matched to the CCN,025030,PROVIDENCE KODIAK ISLAND MED LTC,AK,
No PECOS enrollment matched to the CCN,025035,UTUQQANAAT INAAT,AK,
No PECOS enrollment matched to the CCN,01A193,FATHER PURCELL MEMORIAL EXCEPTIONAL CHILDREN'S CTR,AL,
No PECOS enrollment matched to the CCN,01A208,MONTGOMERY CHILDREN'S SPECIALTY CENTER,AL,
No PECOS enrollment matched to the CCN,04A293,Arkansas Health Center,AR,
No PECOS enrollment matched to the CCN,04E262,"MURFREESBORO REHAB AND NURSING, INC",AR,
No PECOS enrollment matched to the CCN,035242,DR GUY GORMAN SR CARE HOME,AZ,
No PECOS enrollment matched to the CCN,056150,CATERED MANOR CARE CENTER,CA,
No PECOS enrollment matched to the CCN,056417,VIEW HEIGHTS CONV HOSP,CA,
No PECOS enrollment matched to the CCN,05A024,CRESTWOOD MANOR,CA,
No PECOS enrollment matched to the CCN,05A027,Sierra Vista,CA,
No PECOS enrollment matched to the CCN,05A110,GRACE HOME INC.,CA,
No PECOS enrollment matched to the CCN,05A134,LANDMARK MEDICAL CENTER,CA,
No PECOS enrollment matched to the CCN,05A137,LAUREL PARK BEHAVIORAL HEALTH CENTER,CA,
No PECOS enrollment matched to the CCN,05A147,Merced Behavioral Center,CA,
No PECOS enrollment matched to the CCN,05A192,THE ROYAL HOME,CA,
No PECOS enrollment matched to the CCN,05A208,Shandin Hills Behavior Therapy Center,CA,
No PECOS enrollment matched to the CCN,05A263,RIVERSIDE BEHAVIORAL HEALTHCARE CENTER,CA,
No PECOS enrollment matched to the CCN,05A264,VISTA PACIFICA CENTER,CA,
No PECOS enrollment matched to the CCN,05A269,MEADOWBROOK BEHAVIORAL HEALTH CENTER,CA,
No PECOS enrollment matched to the CCN,05A277,INSPIRE BEHAVIORAL HEALTH,CA,
No PECOS enrollment matched to the CCN,05A290,ST. ANNE'S HOME,CA,
No PECOS enrollment matched to the CCN,05A292,HELEN BERNARDY CENTER D/P SNF,CA,
No PECOS enrollment matched to the CCN,05A315,HAYES CONVALESCENT HOSPITAL,CA,
No PECOS enrollment matched to the CCN,05A340,CRESTWOOD MANOR - 104,CA,
No PECOS enrollment matched to the CCN,05A355,LA PAZ GEROPSYCHIATRIC CENTER,CA,
No PECOS enrollment matched to the CCN,05A357,DEPT OF STATE HOSPITALS - NAPA D/P SNF,CA,
No PECOS enrollment matched to the CCN,05A360,PENN MAR HEALTHCARE CENTER,CA,
No PECOS enrollment matched to the CCN,05A364,VILLA SIENA,CA,
No PECOS enrollment matched to the CCN,05A371,Crestwood Wellness and Recovery Center,CA,
No PECOS enrollment matched to the CCN,05A396,GARFIELD NEUROBEHAVIORAL CENTER,CA,
No PECOS enrollment matched to the CCN,05A408,CRESTWOOD TREATMENT CENTER,CA,
No PECOS enrollment matched to the CCN,05A427,CRESTWOOD MANOR - FREMONT,CA,
No PECOS enrollment matched to the CCN,555022,SENECA DISTRICT HOSPITAL D/P SNF,CA,
No PECOS enrollment matched to the CCN,555221,SURPRISE VALLEY COMMUNITY HOSPITAL D/P SNF,CA,
No PECOS enrollment matched to the CCN,555539,COALINGA REGIONAL MEDICAL CTR DP/SNF,CA,
No PECOS enrollment matched to the CCN,555589,WHITTIER HOSPITAL MEDICAL CTR D/P SNF,CA,
No PECOS enrollment matched to the CCN,555657,BELMONT HEALTHCARE CENTER,CA,
No PECOS enrollment matched to the CCN,555731,DEPT OF STATE HOSPITALS - METROPOLITAN  SNF,CA,
No PECOS enrollment matched to the CCN,555780,VILLA DEL RIO GARDENS,CA,
No PECOS enrollment matched to the CCN,555939,PLUMAS DISTRICT HOSPITAL DP/SNF,CA,
No PECOS enrollment matched to the CCN,065278,PELICAN POINTE HEALTH AND REHABILITATION CENTER,CO,
No PECOS enrollment matched to the CCN,06A172,PARK FOREST CARE CENTER LLC,CO,
No PECOS enrollment matched to the CCN,06A173,SEDGWICK COUNTY MEMORIAL NURSING HOME,CO,
No PECOS enrollment matched to the CCN,06A175,WALSH HEALTHCARE CENTER,CO,
No PECOS enrollment matched to the CCN,06A185,SOUTHEAST COLORADO HOSPITAL LTC,CO,
No PECOS enrollment matched to the CCN,06A190,SPANISH PEAKS VETERANS COMMUNITY LIVING CENTER,CO,
No PECOS enrollment matched to the CCN,06A192,CHEYENNE MANOR,CO,
No PECOS enrollment matched to the CCN,075113,GREENTREE MANOR NURSING AND REHABILITATION CENTER,CT,
No PECOS enrollment matched to the CCN,075159,NORWALK CARE CENTER,CT,
No PECOS enrollment matched to the CCN,075198,VILLAGE GREEN REHABILITATION AND HEALTHCARE CENTER,CT,
No PECOS enrollment matched to the CCN,075201,WEST HAVEN CENTER FOR NURSING & REHABILITATION,CT,
No PECOS enrollment matched to the CCN,075250,PARKVILLE CARE CENTER,CT,
No PECOS enrollment matched to the CCN,075258,DOUGLAS MANOR,CT,
No PECOS enrollment matched to the CCN,09E020,JEANNE JUGAN RESIDENCE,DC,
No PECOS enrollment matched to the CCN,085002,EXCELCARE AT WILMINGTON LLC,DE,
No PECOS enrollment matched to the CCN,085034,EXCELCARE AT LEWES LLC,DE,
No PECOS enrollment matched to the CCN,08A006,JEANNE JUGAN RESIDENCE,DE,
No PECOS enrollment matched to the CCN,08A015,EXCEPTIONAL CARE FOR CHILDREN,DE,
No PECOS enrollment matched to the CCN,08A020,NEWARK MANOR NURSING HOME,DE,
No PECOS enrollment matched to the CCN,105039,"Rehabilitation Center of The Palm Beaches, The",FL,
No PECOS enrollment matched to the CCN,105155,SARASOTA HEALTH AND REHABILITATION CENTER,FL,
No PECOS enrollment matched to the CCN,105219,BOCA RATON REHABILITATION CENTER,FL,
No PECOS enrollment matched to the CCN,105234,REHABILITATION AND HEALTHCARE CENTER OF TAMPA,FL,
No PECOS enrollment matched to the CCN,105319,SUN TERRACE HEALTH CARE CENTER,FL,
No PECOS enrollment matched to the CCN,105342,REHAB & HEALTHCARE CENTER OF CAPE CORAL,FL,
No PECOS enrollment matched to the CCN,105397,EVERGREEN WOODS,FL,
No PECOS enrollment matched to the CCN,105419,AVIATA AT OLDSMAR,FL,
No PECOS enrollment matched to the CCN,105448,TITUSVILLE REHABILITATION & NURSING CENTER,FL,
No PECOS enrollment matched to the CCN,105477,BAY POINTE NURSING PAVILION,FL,
No PECOS enrollment matched to the CCN,105539,HEALTHCARE AND REHAB OF SANFORD,FL,
No PECOS enrollment matched to the CCN,105553,CARROLLWOOD CARE CENTER,FL,
No PECOS enrollment matched to the CCN,105568,WINDSOR WOODS REHAB AND HEALTHCARE CENTER,FL,
No PECOS enrollment matched to the CCN,105623,WEST GABLES HEALTH CARE CENTER,FL,
No PECOS enrollment matched to the CCN,105882,WINKLER COURT,FL,
No PECOS enrollment matched to the CCN,106110,CHILDRENS COMPREHENSIVE CARE CENTER INC,FL,
No PECOS enrollment matched to the CCN,115351,MUSCOGEE MANOR & REHABILITATION CTR,GA,
No PECOS enrollment matched to the CCN,115478,RIDGECREST REHAB & SKILLED NURSING CENTER,GA,
No PECOS enrollment matched to the CCN,115579,"Healthcare at College Park, LLC",GA,
No PECOS enrollment matched to the CCN,115690,"D SCOTT HUDGENS CENTER FOR SKILLED NURSING, THE",GA,
No PECOS enrollment matched to the CCN,11A186,Georgia Regional Atlanta LTC,GA,
No PECOS enrollment matched to the CCN,11A200,GRACEWOOD NSG FACILITY(UNIT 9),GA,
No PECOS enrollment matched to the CCN,165273,Accura Healthcare of South Des Moines,IA,
No PECOS enrollment matched to the CCN,16A001,Childserve Habilitation Center,IA,
No PECOS enrollment matched to the CCN,16A002,Iowa Veterans Home,IA,
No PECOS enrollment matched to the CCN,16E016,"Virginia Gay Nursing & Rehab, LLC",IA,
No PECOS enrollment matched to the CCN,16E050,Buchanan County Health Center,IA,
No PECOS enrollment matched to the CCN,16E170,Franklin General Hospital,IA,
No PECOS enrollment matched to the CCN,16E263,Sanford Senior Care Sheldon,IA,
No PECOS enrollment matched to the CCN,16E277,Story Medical Senior Care,IA,
No PECOS enrollment matched to the CCN,16E637,Hegg Memorial Health Center,IA,
No PECOS enrollment matched to the CCN,16E638,MercyOne Dyersville Senior Care,IA,
No PECOS enrollment matched to the CCN,16E668,Palo Alto County Hospital,IA,
No PECOS enrollment matched to the CCN,16E718,Humboldt County Memorial Hospital,IA,
No PECOS enrollment matched to the CCN,16E728,MercyOne Centerville Medical Center,IA,
No PECOS enrollment matched to the CCN,16E761,Osceola Senior Living,IA,
No PECOS enrollment matched to the CCN,145811,ARCADIA CARE PEORIA HEIGHTS,IL,
No PECOS enrollment matched to the CCN,145818,ROCK RIVER HEALTH CARE,IL,
No PECOS enrollment matched to the CCN,145964,MCLEANSBORO REHAB & HLTH C CTR,IL,
No PECOS enrollment matched to the CCN,14A357,HERITAGE SQUARE,IL,
No PECOS enrollment matched to the CCN,14A383,HIGHLAND OAKS,IL,
No PECOS enrollment matched to the CCN,14E095,Batavia Rehabilitation and Health Care Center,IL,
No PECOS enrollment matched to the CCN,14E169,WINSTON MANOR CNV & NURSING,IL,
No PECOS enrollment matched to the CCN,14E177,CRESTWOOD TERRACE,IL,
No PECOS enrollment matched to the CCN,14E212,FRANKFORT TERRACE,IL,
No PECOS enrollment matched to the CCN,14E247,Joliet Living & Rehab Center,IL,
No PECOS enrollment matched to the CCN,14E264,AVENUES AT LITCHFIELD,IL,
No PECOS enrollment matched to the CCN,14E306,NORTH AURORA LIVING & REHAB CTR,IL,
No PECOS enrollment matched to the CCN,14E322,SHARON HEALTH CARE PINES,IL,
No PECOS enrollment matched to the CCN,14E345,FAIRHAVEN CHRISTIAN RET CENTER,IL,
No PECOS enrollment matched to the CCN,14E361,AVENUES AT QUAD CITIES,IL,
No PECOS enrollment matched to the CCN,14E392,West Chicago Living and Rehab Center,IL,
No PECOS enrollment matched to the CCN,14E579,La Bella of Sterling,IL,
No PECOS enrollment matched to the CCN,14E701,BIG MEADOWS,IL,
No PECOS enrollment matched to the CCN,14E847,AVENUES AT SPRINGFIELD,IL,
No PECOS enrollment matched to the CCN,14E848,DECATUR REHAB & HEALTH CARE CT,IL,
No PECOS enrollment matched to the CCN,14E888,SHARON HEALTH CARE WILLOWS,IL,
No PECOS enrollment matched to the CCN,155480,ENVIVE OF BROOKVILLE,IN,
No PECOS enrollment matched to the CCN,155827,Sage Bluff Health and Rehab Center,IN,
No PECOS enrollment matched to the CCN,15A011,ESPECIALLY KIDZ HEALTH & REHAB,IN,
No PECOS enrollment matched to the CCN,15E064,BROOKSIDE CARE STRATEGIES,IN,
No PECOS enrollment matched to the CCN,15E683,MORGANTOWN WOODS OF JOURNEY,IN,
No PECOS enrollment matched to the CCN,17A020,TREGO CO-LEMKE MEMORIAL HOSPITAL LTCU,KS,
No PECOS enrollment matched to the CCN,17A029,ST LUKE LIVING CENTER,KS,
No PECOS enrollment matched to the CCN,17E011,WICHITA COUNTY HEALTH CENTER LTCU,KS,
No PECOS enrollment matched to the CCN,17E026,MEADE DISTRICT HOSP LTCU DBA LONE TREE RETIREMENT,KS,
No PECOS enrollment matched to the CCN,17E034,PROTECTION VALLEY MANOR,KS,
No PECOS enrollment matched to the CCN,17E038,"HAVILAND OPERATOR, LLC",KS,
No PECOS enrollment matched to the CCN,17E071,GREELEY COUNTY HOSPITAL LTCU,KS,
No PECOS enrollment matched to the CCN,17E210,ACCESS MENTAL HEALTH,KS,
No PECOS enrollment matched to the CCN,17E242,COMMUNITY HOSPITAL ONAGA LTCU,KS,
No PECOS enrollment matched to the CCN,17E256,BRIGHTON PLACE NORTH,KS,
No PECOS enrollment matched to the CCN,17E294,F W HUSTON MEDICAL CENTER,KS,
No PECOS enrollment matched to the CCN,17E424,SHERIDAN COUNTY HOSPITAL LTCU,KS,
No PECOS enrollment matched to the CCN,17E445,STANTON COUNTY HEALTH CARE FACILITY LTCU,KS,
No PECOS enrollment matched to the CCN,17E451,DAWSON PLACE,KS,
No PECOS enrollment matched to the CCN,17E470,MINNEOLA DISTRICT HOSPITAL LTCU,KS,
No PECOS enrollment matched to the CCN,17E528,COUNTRYSIDE HEALTH CENTER,KS,
No PECOS enrollment matched to the CCN,17E531,KEARNY COUNTY HOSPITAL LTCU,KS,
No PECOS enrollment matched to the CCN,17E534,ATTICA LONG TERM CARE FACILITY,KS,
No PECOS enrollment matched to the CCN,17E546,STEVENS COUNTY HOSPITAL LTCU DBA PIONEER MANOR,KS,
No PECOS enrollment matched to the CCN,17E577,ANDERSON COUNTY HOSPITAL LTCU,KS,
No PECOS enrollment matched to the CCN,17E580,PIONEER LODGE,KS,
No PECOS enrollment matched to the CCN,17E585,DOOLEY CENTER,KS,
No PECOS enrollment matched to the CCN,17E597,KIOWA HOSPITAL DISTRICT MANOR,KS,
No PECOS enrollment matched to the CCN,17E619,RUSSELL REGIONAL HOSPITAL LTCU,KS,
No PECOS enrollment matched to the CCN,17E625,NESS COUNTY HOSPITAL LTCU DBA CEDAR VILLAGE,KS,
No PECOS enrollment matched to the CCN,17E630,ANTHONY COMMUNITY CARE CENTER,KS,
No PECOS enrollment matched to the CCN,17E637,SOLOMON VALLEY MANOR,KS,
No PECOS enrollment matched to the CCN,17E658,PHILLIPS COUNTY RETIREMENT CENTER,KS,
No PECOS enrollment matched to the CCN,185154,Home of the Innocents,KY,
No PECOS enrollment matched to the CCN,185316,Princeton Nursing & Rehabilitation,KY,
No PECOS enrollment matched to the CCN,225014,SPAULDING NURSING AND THERAPY CENTER - BRIGHTON,MA,
No PECOS enrollment matched to the CCN,225134,FOREMOST AT SHARON LLC,MA,
No PECOS enrollment matched to the CCN,225147,SAUGUS CENTER,MA,
No PECOS enrollment matched to the CCN,225184,WEBSTER PARK REHABILITATION AND HEALTHCARE CENTER,MA,
No PECOS enrollment matched to the CCN,225198,TWIN OAKS CENTER,MA,
No PECOS enrollment matched to the CCN,225199,Worcester Rehabilitation & Health Care Center,MA,
No PECOS enrollment matched to the CCN,225218,OXFORD REHABILITATION & HEALTH CARE CENTER,MA,
No PECOS enrollment matched to the CCN,225229,MAPLEWOOD CENTER,MA,
No PECOS enrollment matched to the CCN,225293,Southbridge Rehabilitation & Health Care Center,MA,
No PECOS enrollment matched to the CCN,225297,LIGHTHOUSE REHABILITATION AND HEALTHCARE CENTER,MA,
No PECOS enrollment matched to the CCN,225380,Vantage at Westfield LLC,MA,
No PECOS enrollment matched to the CCN,225382,THE GUARDIAN CENTER,MA,
No PECOS enrollment matched to the CCN,225400,RegalCare at Wakefield,MA,
No PECOS enrollment matched to the CCN,225449,HATHORNE HILL REHABILITATION AND HEALTHCARE CENTER,MA,
No PECOS enrollment matched to the CCN,225455,CRANEVILLE REHABILITATION AND SKILLED CARE CENTER,MA,
No PECOS enrollment matched to the CCN,225533,WACHUSETT MANOR,MA,
No PECOS enrollment matched to the CCN,225541,Carlyle House,MA,
No PECOS enrollment matched to the CCN,225679,ROYAL MEGANSETT NURSING & REHABILITATION,MA,
No PECOS enrollment matched to the CCN,21E009,SACRED HEART HOME INC,MD,
No PECOS enrollment matched to the CCN,21E104,ST. JOSEPH'S  NURSING  HOME,MD,
No PECOS enrollment matched to the CCN,205020,Bangor Nursing & Rehabilitation Center,ME,
No PECOS enrollment matched to the CCN,205031,ORONO COMMONS,ME,
No PECOS enrollment matched to the CCN,205054,MAINEGENERAL REHAB & LONG TERM CARE - GRAY BIRCH,ME,
No PECOS enrollment matched to the CCN,205074,Seaside Healthcare LLC,ME,
No PECOS enrollment matched to the CCN,205122,HARBOR HILL CENTER,ME,
No PECOS enrollment matched to the CCN,205132,DURGIN PINES,ME,
No PECOS enrollment matched to the CCN,205139,MAINEGENERAL REHAB & LONG TERM CARE - GLENRIDGE,ME,
No PECOS enrollment matched to the CCN,23E104,The Gilbert Residence,MI,
No PECOS enrollment matched to the CCN,245153,MADONNA TOWERS OF ROCHESTER,MN,
No PECOS enrollment matched to the CCN,245183,NORTH RIDGE HEALTH AND REHAB,MN,
No PECOS enrollment matched to the CCN,245218,MAYO CLINIC HEALTH SYSTEM - LAKE CITY,MN,
No PECOS enrollment matched to the CCN,245224,AUGUSTANA CARE HASTINGS HEALTH AND REHABILITATION,MN,
No PECOS enrollment matched to the CCN,245238,MAHNOMEN HEALTH CENTER,MN,
No PECOS enrollment matched to the CCN,245239,GUARDIAN ANGELS HEALTH & REHAB CENTER,MN,
No PECOS enrollment matched to the CCN,245244,CURA OF LONG PRAIRIE,MN,
No PECOS enrollment matched to the CCN,245245,Heritage Manor,MN,
No PECOS enrollment matched to the CCN,245255,CERENITY CARE CENTER ON HUMBOLDT,MN,
No PECOS enrollment matched to the CCN,245258,Franciscan Health Center,MN,
No PECOS enrollment matched to the CCN,245291,ST CLARE LIVING COMMUNITY OF MORA,MN,
No PECOS enrollment matched to the CCN,245295,THE EMERALDS AT ST PAUL LLC,MN,
No PECOS enrollment matched to the CCN,245310,BENEDICTINE HEALTH CENTER INNSBRUCK,MN,
No PECOS enrollment matched to the CCN,245365,CERENITY MARIAN OF ST PAUL LLC,MN,
No PECOS enrollment matched to the CCN,245367,MEADOW MANOR,MN,
No PECOS enrollment matched to the CCN,245381,HARMONY GARDENS,MN,
No PECOS enrollment matched to the CCN,245390,PATHSTONE LIVING,MN,
No PECOS enrollment matched to the CCN,245396,CURA OF MELROSE,MN,
No PECOS enrollment matched to the CCN,245397,HAVENWOOD CARE CENTER,MN,
No PECOS enrollment matched to the CCN,245410,CURA OF WILLMAR,MN,
No PECOS enrollment matched to the CCN,245414,VIEWCREST HEALTH CENTER,MN,
No PECOS enrollment matched to the CCN,245420,LAKEWOOD HEALTH SYSTEM,MN,
No PECOS enrollment matched to the CCN,245454,CURA OF SANDSTONE,MN,
No PECOS enrollment matched to the CCN,245468,KARLSTAD HEALTHCARE CENTER INC,MN,
No PECOS enrollment matched to the CCN,245470,LIFECEARE ROSEAU MANOR,MN,
No PECOS enrollment matched to the CCN,245483,THE NORTH SHORE ESTATES LLC,MN,
No PECOS enrollment matched to the CCN,245490,OAK HILLS LIVING CENTER,MN,
No PECOS enrollment matched to the CCN,245495,THE EMERALDS AT GRAND RAPIDS LLC,MN,
No PECOS enrollment matched to the CCN,245536,GREEN LEA SENIOR LIVING,MN,
No PECOS enrollment matched to the CCN,245556,PRESBYTERIAN HOMES OF BLOOMINGTON,MN,
No PECOS enrollment matched to the CCN,245579,ESSENTIA HEALTH GRACE HOME,MN,
No PECOS enrollment matched to the CCN,245583,AUBURN HOME IN WACONIA,MN,
No PECOS enrollment matched to the CCN,245606,HOPE SPRINGS AT MINNETONKA,MN,
No PECOS enrollment matched to the CCN,24E102,MOUNT OLIVET HOME,MN,
No PECOS enrollment matched to the CCN,24E116,ANDREW RESIDENCE,MN,
No PECOS enrollment matched to the CCN,24E150,GRAND AVENUE REST HOME,MN,
No PECOS enrollment matched to the CCN,24E166,BIRCHWOOD CARE HOME,MN,
No PECOS enrollment matched to the CCN,24E185,BYWOOD EAST HEALTH CARE,MN,
No PECOS enrollment matched to the CCN,24E355,AFTENRO HOME,MN,
No PECOS enrollment matched to the CCN,24E507,SOUTHSIDE CARE CENTER,MN,
No PECOS enrollment matched to the CCN,24E508,HAYES RESIDENCE,MN,
No PECOS enrollment matched to the CCN,26A292,JEANNE JUGAN CENTER,MO,
No PECOS enrollment matched to the CCN,26A293,CLARA MANOR NURSING HOME,MO,
No PECOS enrollment matched to the CCN,26A378,"SYLVIA G THOMPSON RESIDENCE CENTER, INC",MO,
No PECOS enrollment matched to the CCN,26A381,SALEM MEMORIAL DISTRICT HOSPITAL,MO,
No PECOS enrollment matched to the CCN,26A443,HOPE CARE CENTER,MO,
No PECOS enrollment matched to the CCN,26A490,FIESER NURSING CENTER,MO,
No PECOS enrollment matched to the CCN,26E084,MYERS NURSING & CONVALESCENT CENTER,MO,
No PECOS enrollment matched to the CCN,26E256,JOHNSON COUNTY CARE CENTER,MO,
No PECOS enrollment matched to the CCN,26E421,MADISON MEDICAL CENTER,MO,
No PECOS enrollment matched to the CCN,255353,OAK GROVE RETIREMENT HOME,MS,
No PECOS enrollment matched to the CCN,25A123,REGINALD P WHITE NURSING FACILITY,MS,
No PECOS enrollment matched to the CCN,25A162,SHEARER-RICHARDSON MEMORIAL NURSING HOME,MS,
No PECOS enrollment matched to the CCN,25A174,YALOBUSHA COUNTY NURSING HOME,MS,
No PECOS enrollment matched to the CCN,25A178,JASPER COUNTY NH,MS,
No PECOS enrollment matched to the CCN,25A188,BOLIVAR MEDICAL CENTER LTC,MS,
No PECOS enrollment matched to the CCN,25A190,TALLAHATCHIE GENERAL HOSP ECF,MS,
No PECOS enrollment matched to the CCN,25A197,Jnh-Jaquith Inn,MS,
No PECOS enrollment matched to the CCN,25A233,"BAPTIST NURSING HOME-CALHOUN, INC",MS,
No PECOS enrollment matched to the CCN,25A374,NOXUBEE COUNTY NURSING HOME,MS,
No PECOS enrollment matched to the CCN,25A380,PONTOTOC NURSING HOME,MS,
No PECOS enrollment matched to the CCN,25A389,WEBSTER HEALTH SERVICES NURSING FACILTY,MS,
No PECOS enrollment matched to the CCN,25A402,JNH-JEFFERSON INN,MS,
No PECOS enrollment matched to the CCN,25A404,JNH-MADISON INN,MS,
No PECOS enrollment matched to the CCN,25A414,METHODIST SEPCIALTY CARE CENTER,MS,
No PECOS enrollment matched to the CCN,25A416,BEDFORD ALZHEIMER'S CARE CENTER,MS,
No PECOS enrollment matched to the CCN,25A418,JAMES T CHAMPION,MS,
No PECOS enrollment matched to the CCN,25A422,WALTER B CROOK NURSING FACILITY,MS,
No PECOS enrollment matched to the CCN,25E211,ALYCE G CLARKE CENTER FOR MEDICALLY FRAGILE CHILDR,MS,
No PECOS enrollment matched to the CCN,275073,FAITH LUTHERAN HOME,MT,
No PECOS enrollment matched to the CCN,275133,BLACKFEET CARE CENTER,MT,
No PECOS enrollment matched to the CCN,27A052,MONTANA MENTAL HEALTH NURSING HOME,MT,
No PECOS enrollment matched to the CCN,345123,Carolina Village Inc,NC,
No PECOS enrollment matched to the CCN,345192,Longleaf Neuro-Medical Treatment Center,NC,
No PECOS enrollment matched to the CCN,345301,White Oak Manor - Burlington,NC,
No PECOS enrollment matched to the CCN,345581,Bloomsbury at Hayes Barton Place,NC,
No PECOS enrollment matched to the CCN,34A001,Black Mountain Neuro-Medical Treatment Center,NC,
No PECOS enrollment matched to the CCN,34A002,O'Berry Neuro-Medical Treatment Center,NC,
No PECOS enrollment matched to the CCN,285081,CHI Health St. Francis,NE,
No PECOS enrollment matched to the CCN,28A060,"Quality Living, Inc.",NE,
No PECOS enrollment matched to the CCN,28A065,Carl T Curtis Health Education Center Nursing Home,NE,
No PECOS enrollment matched to the CCN,28E173,Legacy Square,NE,
No PECOS enrollment matched to the CCN,28E180,Garden County Hospital & Nursing Home,NE,
No PECOS enrollment matched to the CCN,28E191,Memorial Community Care,NE,
No PECOS enrollment matched to the CCN,28E257,Gordon Countryside Care,NE,
No PECOS enrollment matched to the CCN,28E271,Genoa Community Hospital/LTC,NE,
No PECOS enrollment matched to the CCN,28E299,Hillcrest Shadow Lake LLC,NE,
No PECOS enrollment matched to the CCN,28E300,Oglala Sioux Lakota Nursing Home,NE,
No PECOS enrollment matched to the CCN,28E302,"SRMC Long Term Care, LLC dba Pole Creek Estates",NE,
No PECOS enrollment matched to the CCN,28E303,Rock County Hospital Long Term Care,NE,
No PECOS enrollment matched to the CCN,305024,Rochester Manor,NH,
No PECOS enrollment matched to the CCN,305044,GOLDEN VIEW HEALTH CARE CENTER,NH,
No PECOS enrollment matched to the CCN,305055,OCEANSIDE SKILLED NURSING AND REHABILITATION,NH,
No PECOS enrollment matched to the CCN,30E059,GLENCLIFF HOME FOR THE ELDERLY,NH,
No PECOS enrollment matched to the CCN,30E076,Coos County Nursing Hospital,NH,
No PECOS enrollment matched to the CCN,315111,PREFERRED CARE AT HAMILTON,NJ,
No PECOS enrollment matched to the CCN,315133,Woodcliff Lake Health & Rehabilitation Center,NJ,
No PECOS enrollment matched to the CCN,315199,IMPERIAL CARE CENTER,NJ,
No PECOS enrollment matched to the CCN,315228,"COMPLETE CARE AT COURT HOUSE, LLC",NJ,
No PECOS enrollment matched to the CCN,315239,CHILDRENS SPECIALIZED HOSPITAL MOUNTAINSIDE,NJ,
No PECOS enrollment matched to the CCN,315283,SOUTH MOUNTAIN HC,NJ,
No PECOS enrollment matched to the CCN,315299,King Manor Care and Rehabilitation Center,NJ,
No PECOS enrollment matched to the CCN,315364,JERSEY SHORE CENTER,NJ,
No PECOS enrollment matched to the CCN,315443,CHILDRENS SPECIALIZED HOSPITAL TOMS RIVER,NJ,
No PECOS enrollment matched to the CCN,315445,The Arbor at Laurel Circle,NJ,
No PECOS enrollment matched to the CCN,32E027,Miners Colfax Medical Center,NM,
No PECOS enrollment matched to the CCN,32E032,Colfax General LTC,NM,
No PECOS enrollment matched to the CCN,32E083,South Valley Care Center LLC,NM,
No PECOS enrollment matched to the CCN,295046,BOULDER CITY HOSPITAL SNF,NV,
No PECOS enrollment matched to the CCN,295055,COLLEGE PARK REHABILITATION CENTER,NV,
No PECOS enrollment matched to the CCN,295063,BATTLE MOUNTAIN GENERAL HOSPITAL,NV,
No PECOS enrollment matched to the CCN,29E037,MISSION PINES NURSING AND REHAB CENTER,NV,
No PECOS enrollment matched to the CCN,335019,Regeis Care Center,NY,
No PECOS enrollment matched to the CCN,335061,University Center for Rehabilitation and Nursing,NY,
No PECOS enrollment matched to the CCN,335081,St. Ann's Community,NY,
No PECOS enrollment matched to the CCN,335083,Berkshire Nursing & Rehabilitation Center,NY,
No PECOS enrollment matched to the CCN,335139,Forest Hills Care Center,NY,
No PECOS enrollment matched to the CCN,335142,HERITAGE PARK REHAB & SKILLED NURSING,NY,
No PECOS enrollment matched to the CCN,335202,THE GRAND REHABILITATION AND NURSING AT BATAVIA,NY,
No PECOS enrollment matched to the CCN,335219,Newark Manor Nursing Home Inc,NY,
No PECOS enrollment matched to the CCN,335253,CENTRAL PARK REHABILITATION AND NURSING CENTER,NY,
No PECOS enrollment matched to the CCN,335257,Fort Tryon Center for Rehabilitation and Nursing,NY,
No PECOS enrollment matched to the CCN,335287,Park Gardens Rehabilitation & Nursing Center LLC,NY,
No PECOS enrollment matched to the CCN,335296,Sarah Neuman Center for Rehabilitation and Nursing,NY,
No PECOS enrollment matched to the CCN,335326,Elderwood at Williamsville,NY,
No PECOS enrollment matched to the CCN,335331,GRANVILLE CENTER FOR REHABILITATION AND NURSING,NY,
No PECOS enrollment matched to the CCN,335339,MOUNTAINSIDE RESIDENTIAL CARE CENTER,NY,
No PECOS enrollment matched to the CCN,335377,TROY VICTORIAN REHABILITATION & NURSING CARE CNTR,NY,
No PECOS enrollment matched to the CCN,335381,Schulman and Schachne Institute for Nursing and Re,NY,
No PECOS enrollment matched to the CCN,335390,Surge Rehabilitation and Nursing LLC,NY,
No PECOS enrollment matched to the CCN,335392,CROWN PARK REHABILITATION AND NURSING CENTER,NY,
No PECOS enrollment matched to the CCN,335409,SUNNYSIDE CARE CENTER,NY,
No PECOS enrollment matched to the CCN,335438,MEADOWBROOK HEALTHCARE,NY,
No PECOS enrollment matched to the CCN,335439,The Pearl Nursing Center of Rochester,NY,
No PECOS enrollment matched to the CCN,335441,Cortlandt Healthcare,NY,
No PECOS enrollment matched to the CCN,335457,FIDDLERS GREEN MANOR REHAB AND NURSING CENTER,NY,
No PECOS enrollment matched to the CCN,335473,Blossom Health Care Center Inc.,NY,
No PECOS enrollment matched to the CCN,335481,NEWFANE REHAB & HEALTH CARE CENTER,NY,
No PECOS enrollment matched to the CCN,335489,MORNINGSTAR RESIDENTIAL CARE CENTER,NY,
No PECOS enrollment matched to the CCN,335506,Bronx Center For Rehabilitation & Health Care,NY,
No PECOS enrollment matched to the CCN,335514,ALLEGRIA NURSING & REHAB CENTER OF PORT JEFFERSON,NY,
No PECOS enrollment matched to the CCN,335528,PLATTSBURGH REHABILITATION AND NURSING CENTER,NY,
No PECOS enrollment matched to the CCN,335533,Absolut Center for Nursing and Rehabilitation at G,NY,
No PECOS enrollment matched to the CCN,335534,SALAMANCA REHABILITATION & NURSING CENTER,NY,
No PECOS enrollment matched to the CCN,335561,Staten Island Care Center,NY,
No PECOS enrollment matched to the CCN,335577,ELDERWOOD AT LANCASTER,NY,
No PECOS enrollment matched to the CCN,335582,Brookhaven Rehab & Health Care Center L L C,NY,
No PECOS enrollment matched to the CCN,335585,WATERVILLE RESIDENTIAL CARE CENTER,NY,
No PECOS enrollment matched to the CCN,335590,PONTIAC NURSING HOME,NY,
No PECOS enrollment matched to the CCN,335610,Absolut Center for Nursing and Rehabilitation at A,NY,
No PECOS enrollment matched to the CCN,335637,Brooklyn-Queens Nursing Home,NY,
No PECOS enrollment matched to the CCN,335638,Buffalo Center For Rehabilitation And Nursing,NY,
No PECOS enrollment matched to the CCN,335641,HOUGHTON REHABILITATION & NURSING CENTER,NY,
No PECOS enrollment matched to the CCN,335693,ROSEWOOD REHABILITATION AND NURSING CENTER,NY,
No PECOS enrollment matched to the CCN,335701,PATHWAYS NURSING AND REHABILITATION CENTER,NY,
No PECOS enrollment matched to the CCN,335704,ST JOHNSVILLE REHABILITATION AND NURSING CENTER,NY,
No PECOS enrollment matched to the CCN,335727,"BETSY ROSS REHABILITATION CENTER, INC",NY,
No PECOS enrollment matched to the CCN,335734,"Friedwald Center For Rehab And Nursing, L L C",NY,
No PECOS enrollment matched to the CCN,335778,The Highlands at Brighton,NY,
No PECOS enrollment matched to the CCN,33A081,St Mary's Hospital For Children,NY,
No PECOS enrollment matched to the CCN,33A246,Elizabeth Seton Children's Center,NY,
No PECOS enrollment matched to the CCN,365591,SHADY LAWN NURSING HOME,OH,
No PECOS enrollment matched to the CCN,365920,EMBASSY OF LEBANON,OH,
No PECOS enrollment matched to the CCN,366099,SPRINGFIELD NURSING & INDEPENDENT LIVING,OH,
No PECOS enrollment matched to the CCN,366334,"BETHANY NURSING HOME, INC",OH,
No PECOS enrollment matched to the CCN,366377,TRANQUILITY OF RICHMOND HEIGHTS,OH,
No PECOS enrollment matched to the CCN,375312,RUTH WILSON HURLEY MANOR,OK,
No PECOS enrollment matched to the CCN,375350,Seminole Pioneer Nursing Home,OK,
No PECOS enrollment matched to the CCN,375482,BARNSDALL NURSING HOME,OK,
No PECOS enrollment matched to the CCN,375559,BEAVER COUNTY NURSING HOME,OK,
No PECOS enrollment matched to the CCN,37E024,"CARNEGIE NURSING HOME, INC.",OK,
No PECOS enrollment matched to the CCN,37E082,SEILING NURSING CENTER,OK,
No PECOS enrollment matched to the CCN,37E109,COLONIAL MANOR II,OK,
No PECOS enrollment matched to the CCN,37E204,RAINBOW TERRACE CARE CENTER,OK,
No PECOS enrollment matched to the CCN,37E568,North Winds Living Center,OK,
No PECOS enrollment matched to the CCN,37E624,CALLAWAY NURSING HOME,OK,
No PECOS enrollment matched to the CCN,38A001,Providence Child Center,OR,
No PECOS enrollment matched to the CCN,38A026,Marquis Autumn Hills Memory Care,OR,
No PECOS enrollment matched to the CCN,38A031,FERNWOOD SUPPORTIVE LIVING AT MADRONA GROVE,OR,
No PECOS enrollment matched to the CCN,38E040,BLUE MOUNTAIN CARE CENTER,OR,
No PECOS enrollment matched to the CCN,38E075,TIERRA ROSE CARE CENTER,OR,
No PECOS enrollment matched to the CCN,38E157,ROSE CITY NURSING AND REHABILITATION,OR,
No PECOS enrollment matched to the CCN,38E173,AVALON CARE CENTER - PORTLAND,OR,
No PECOS enrollment matched to the CCN,38E174,VILLAGE MANOR OF CASCADIA,OR,
No PECOS enrollment matched to the CCN,38E188,GRACELEN CARE CENTER,OR,
No PECOS enrollment matched to the CCN,395166,AVENTURA AT PEMBROOKE,PA,
No PECOS enrollment matched to the CCN,395176,Ambler Extended Care Center,PA,
No PECOS enrollment matched to the CCN,395203,AVENTURA AT PROSPECT,PA,
No PECOS enrollment matched to the CCN,395300,PERRY HEALTH & REHAB CENTER,PA,
No PECOS enrollment matched to the CCN,395330,Independence Rehab and Nursing,PA,
No PECOS enrollment matched to the CCN,395366,PINE RUN HEALTH CENTER,PA,
No PECOS enrollment matched to the CCN,395449,CHAPEL MANOR,PA,
No PECOS enrollment matched to the CCN,395545,ACCELA REHAB AND CARE CENTER AT SPRINGFIELD,PA,
No PECOS enrollment matched to the CCN,395595,"BELVEDERE CENTER, GENESIS HEALTHCARE, THE",PA,
No PECOS enrollment matched to the CCN,395687,YORK NURSING AND REHABILITATION CENTER,PA,
No PECOS enrollment matched to the CCN,395762,WILLOWBROOKE COURT SKILLED CARE CENTER AT BRITTANY,PA,
No PECOS enrollment matched to the CCN,395780,FAIR ACRES GERIATRIC CENTER,PA,
No PECOS enrollment matched to the CCN,39A433,GINO J MERLI VETERANS CENTER,PA,
No PECOS enrollment matched to the CCN,39A434,PENNSYLVANIA SOLDIERS AND SAILORS HOME,PA,
No PECOS enrollment matched to the CCN,39A435,SOUTHEASTERN PENNSYLVANIA VETERAN'S CENTER,PA,
No PECOS enrollment matched to the CCN,39A436,DELAWARE VALLEY VETERAN'S HOME,PA,
No PECOS enrollment matched to the CCN,39A437,HOLLIDAYSBURG VETERANS HOME,PA,
No PECOS enrollment matched to the CCN,39A438,SOUTHWESTERN VETERANS CENTER,PA,
No PECOS enrollment matched to the CCN,405000,ALTERNATIVE HEALTHCARE SOLUTIONS LLC,PR,
No PECOS enrollment matched to the CCN,405025,CENTRO MEDICO WILMA N VAZQUEZ SNF,PR,
No PECOS enrollment matched to the CCN,415070,Crestwood Nursing & Rehabilitation Center Inc,RI,
No PECOS enrollment matched to the CCN,425301,Richard M Campbell Veterans Nursing Home,SC,
No PECOS enrollment matched to the CCN,43A038,SCOTCHMAN LIVING CENTER,SD,
No PECOS enrollment matched to the CCN,43A067,SD HUMAN SERVICES CENTER - GERIATRIC PROGRAM,SD,
No PECOS enrollment matched to the CCN,43A072,Platte Care Center,SD,
No PECOS enrollment matched to the CCN,43A073,SANFORD CHAMBERLAIN CARE CENTER,SD,
No PECOS enrollment matched to the CCN,43A089,White River Health Care Center,SD,
No PECOS enrollment matched to the CCN,43A098,SANFORD CARE CENTER VERMILLION,SD,
No PECOS enrollment matched to the CCN,43A103,Kadoka Nursing Home,SD,
No PECOS enrollment matched to the CCN,43A113,AVERA OAHE MANOR,SD,
No PECOS enrollment matched to the CCN,43A135,"EASTERN STAR HOME OF SOUTH DAKOTA, INC",SD,
No PECOS enrollment matched to the CCN,43A136,Michael J Fitzmaurice South Dakota Veterans Home,SD,
No PECOS enrollment matched to the CCN,43A137,AVERA BORMANN MANOR,SD,
No PECOS enrollment matched to the CCN,43A138,Medicine Wheel Village,SD,
No PECOS enrollment matched to the CCN,43A139,FLANDREAU SANTEE SIOUX TRIBE CARE CENTER,SD,
No PECOS enrollment matched to the CCN,445481,ASBURY PLACE KINGSPORT,TN,
No PECOS enrollment matched to the CCN,44E132,TENNOVA NEWPORT CONVALESCENT CENTER,TN,
No PECOS enrollment matched to the CCN,44E166,HARDIN HOME,TN,
No PECOS enrollment matched to the CCN,44E446,PARK REST HARDIN COUNTY HEALTH CENTER,TN,
No PECOS enrollment matched to the CCN,44E480,BLEDSOE COUNTY NURSING HOME,TN,
No PECOS enrollment matched to the CCN,45E312,SAN JOSE NURSING CENTER,TX,
No PECOS enrollment matched to the CCN,45E341,HIGHLAND NURSING CENTER,TX,
No PECOS enrollment matched to the CCN,45E409,JOHN PAUL II NURSING HOME,TX,
No PECOS enrollment matched to the CCN,45E631,SCHLEICHER COUNTY MEDICAL CENTER,TX,
No PECOS enrollment matched to the CCN,45E761,MCCAMEY CONVALESCENT CENTER,TX,
No PECOS enrollment matched to the CCN,45E852,CROCKETT COUNTY CARE CENTER,TX,
No PECOS enrollment matched to the CCN,45E947,COLDWATER MANOR,TX,
No PECOS enrollment matched to the CCN,45F094,REAGAN COUNTY CARE CENTER,TX,
No PECOS enrollment matched to the CCN,45F197,Twin Oaks Manor,TX,
No PECOS enrollment matched to the CCN,45F199,MEMORIAL NURSING AND REHABILITATION CENTER,TX,
No PECOS enrollment matched to the CCN,45F410,ST. FRANCIS NURSING HOME,TX,
No PECOS enrollment matched to the CCN,45F470,TRUMAN W SMITH CHILDREN'S CARE CENTER,TX,
No PECOS enrollment matched to the CCN,45F497,HANSFORD MANOR,TX,
No PECOS enrollment matched to the CCN,45F603,MESA VIEW SENIOR LIVING,TX,
No PECOS enrollment matched to the CCN,45F948,Coon Memorial Home,TX,
No PECOS enrollment matched to the CCN,45F949,ROLLING MEADOWS,TX,
No PECOS enrollment matched to the CCN,676370,HARMONEE HOUSE,TX,
No PECOS enrollment matched to the CCN,745055,MEMORIAL HEALTH CARE CENTER,TX,
No PECOS enrollment matched to the CCN,745057,Tuskegee Airmen Texas State Veterans Home,TX,
No PECOS enrollment matched to the CCN,46A058,Maple Ridge Rehabilitation and Nursing,UT,
No PECOS enrollment matched to the CCN,46A064,Pine Creek Rehabilitation and Nursing,UT,
No PECOS enrollment matched to the CCN,46A066,Little Cottonwood Rehabilitation and Nursing,UT,
No PECOS enrollment matched to the CCN,46A070,Canyonland Care Center,UT,
No PECOS enrollment matched to the CCN,46A071,"Lomond Peak Nursing and Rehabilitation, LLC",UT,
No PECOS enrollment matched to the CCN,46A072,Garfield County Nursing Home,UT,
No PECOS enrollment matched to the CCN,495123,WONDER CITY REHABILITATION AND NURSING CENTER,VA,
No PECOS enrollment matched to the CCN,49A007,OUR LADY OF PEACE INC,VA,
No PECOS enrollment matched to the CCN,49A022,VCU HEALTH CHILDREN'S SERVICES AT BROOK ROAD,VA,
No PECOS enrollment matched to the CCN,49E004,Bedford Co Nursing Home,VA,
No PECOS enrollment matched to the CCN,49E050,MOUNTAIN VIEW NURSING HOME,VA,
No PECOS enrollment matched to the CCN,49E075,SKYLINE TERRACE CONV HOME,VA,
No PECOS enrollment matched to the CCN,49E076,Snyder Nursing Home,VA,
No PECOS enrollment matched to the CCN,49E084,THE VIRGINIA HOME,VA,
No PECOS enrollment matched to the CCN,49E131,SW VA M H INST GERI TRT CTR,VA,
No PECOS enrollment matched to the CCN,49E256,OUR LADY OF PERPETUAL HELP,VA,
No PECOS enrollment matched to the CCN,475014,Premier Rehab and Healthcare at Burlington,VT,
No PECOS enrollment matched to the CCN,475019,St. Johnsbury Health & Rehab,VT,
No PECOS enrollment matched to the CCN,475020,Premier Rehab and Healthcare at Berlin,VT,
No PECOS enrollment matched to the CCN,475025,Springfield Health & Rehab,VT,
No PECOS enrollment matched to the CCN,475027,Bennington Health & Rehab,VT,
No PECOS enrollment matched to the CCN,475037,"Barre Gardens Nursing and Rehab, LLC",VT,
No PECOS enrollment matched to the CCN,475042,Maple Lane Nursing Home,VT,
No PECOS enrollment matched to the CCN,475055,The Villa Rehab,VT,
No PECOS enrollment matched to the CCN,505195,North Auburn Care,WA,
No PECOS enrollment matched to the CCN,505372,REGENCY CANYON LAKES REHAB AND NURSING CENTER,WA,
No PECOS enrollment matched to the CCN,505417,CASCADES OF ST ANNE,WA,
No PECOS enrollment matched to the CCN,505453,KIN ON HEALTH CARE CENTER,WA,
No PECOS enrollment matched to the CCN,505463,MADISON POST ACUTE,WA,
No PECOS enrollment matched to the CCN,505474,MARTHA AND MARY HEALTH SERVICE,WA,
No PECOS enrollment matched to the CCN,50A181,COLUMBIA BASIN HOSPITAL,WA,
No PECOS enrollment matched to the CCN,50A260,FIRCREST NURSING FACILITY,WA,
No PECOS enrollment matched to the CCN,50A261,YAKIMA VALLEY SCHOOL,WA,
No PECOS enrollment matched to the CCN,50A263,LAKELAND VILLAGE NURSING FACILITY,WA,
No PECOS enrollment matched to the CCN,52A251,Norwood Health Ctr-Central,WI,
No PECOS enrollment matched to the CCN,52A407,TREMPEALEAU CTY HCC IMD,WI,
No PECOS enrollment matched to the CCN,52A429,SKY VIEW NURSING CENTER,WI,
No PECOS enrollment matched to the CCN,52A461,Clearview Brain Injury Center,WI,
No PECOS enrollment matched to the CCN,515075,Majestic Care of Manchin,WV,
No PECOS enrollment matched to the CCN,515081,MONTGOMERY GENERAL HOSPITAL,WV,
No PECOS enrollment matched to the CCN,51A013,MINNIE HAMILTON HEALTH CARE,WV,
No PECOS enrollment matched to the CCN,51E109,Majestic Care of Beckley,WV,
No PECOS enrollment matched to the CCN,51E124,Majestic Care of Lakin,WV,
No PECOS enrollment matched to the CCN,51E148,Majestic Care of Hopemont,WV,
No PECOS enrollment matched to the CCN,51E150,WAR MEMORIAL HOSPITAL,WV,
No PECOS enrollment matched to the CCN,51E154,MAIN STREET CARE,WV,
No PECOS enrollment matched to the CCN,535045,Powell Valley Care Center,WY,
No PECOS enrollment matched to the CCN,53A002,Amie Holt Care Center,WY,
No PECOS enrollment matched to the CCN,53A051,South Lincoln Nursing Center,WY,
"Ownership changed in the last 12 months per Care Compare, no PECOS change of ownership in 36 months",085021,ENCORE AT PARKSIDE,DE,2020-01-01
"PE or REIT owner disclosed in PECOS, Care Compare lists individuals only",165196,Grandview Healthcare Center,IA,"ARBORETA HEALTHCARE, INC"
"PE or REIT owner disclosed in PECOS, Care Compare lists individuals only",366409,Kingston Health Center of Perrysburg,OH,AMERICAN HEALTHCARE REIT INC; TRILOGY REAL ESTATE INVESTMENT TRUST
"PE or REIT owner disclosed in PECOS, Care Compare lists individuals only",395015,Friendship Rehab and Health,PA,AG GROUP ASSOCIATES LLC
